{"gate_target/valid_std":0.006270056955834823,"stage2_fusion/valid_loss":0.006237662491442775,"stage1_factor/best_epoch":6,"stage2_best_epoch":3,"stage1_best_valid_loss":0.00617232160426481,"gate_target/train_std":0.013201539745397815,"_wandb":{"runtime":32},"_runtime":32,"stage1_factor/improved":false,"gate_target/valid_mean":0.5004905477280456,"stage3_gate/epoch":23,"stage3_gate/improved":false,"stage1_factor/epoch":11,"stage2_fusion/train_loss":0.02488932489942981,"_timestamp":1.7786670520537462e+09,"stage3_gate/valid_loss":0.6931616168741508,"stage1_factor/train_loss":0.0155226566980737,"stage3_gate/best_epoch":18,"stage3_best_epoch":18,"stage1_factor/best_valid_loss":0.00617232160426481,"stage3_best_valid_loss":0.6931623609745784,"stage2_fusion/improved":false,"stage1_best_epoch":6,"stage1_factor/valid_loss":0.006234104720507211,"gate_target/train_mean":0.4996987748095107,"stage2_best_valid_loss":0.006134034641652666,"stage3_gate/train_loss":0.6932052334789949,"stage2_fusion/best_epoch":3,"stage2_fusion/epoch":8,"stage2_fusion/best_valid_loss":0.006134034641652666,"stage3_gate/best_valid_loss":0.6931623609745784,"_step":42}