{"stage1_factor/improved":false,"stage2_fusion/train_loss":0.02488932489942981,"stage3_gate/epoch":30,"stage3_gate/improved":false,"stage2_best_valid_loss":0.006134034641652666,"_wandb":{"runtime":35},"stage1_factor/best_valid_loss":0.00617232160426481,"stage2_best_epoch":3,"gate_target/train_mean":0.49987265872841435,"_runtime":35,"gate_target/valid_mean":0.5000982059053907,"stage2_fusion/valid_loss":0.006237662491442775,"stage1_factor/train_loss":0.0155226566980737,"stage2_fusion/best_epoch":3,"stage1_best_valid_loss":0.00617232160426481,"stage1_factor/valid_loss":0.006234104720507211,"stage3_gate/best_valid_loss":0.6931558927104677,"stage1_factor/best_epoch":6,"stage2_fusion/best_valid_loss":0.006134034641652666,"stage3_best_epoch":25,"stage3_gate/train_loss":0.6931794562422054,"stage1_best_epoch":6,"stage3_gate/best_epoch":25,"_timestamp":1.7786633957470014e+09,"_step":49,"stage3_best_valid_loss":0.6931558927104677,"stage2_fusion/improved":false,"gate_target/valid_std":0.0012553081021222097,"stage2_fusion/epoch":8,"stage1_factor/epoch":11,"gate_target/train_std":0.005629442583833761,"stage3_gate/valid_loss":0.6931552715514913}